dimension,seed,representatives,total_candidates_per_condition,relation_candidates,shared_uniform_candidates,relation_clipped_candidate_fraction,relation_clipped_coordinate_fraction,uniform_distance_contrast_mean,uniform_clearance_cv,combined_clearance_cv,uniform_selected_clearance_over_sqrt_d,combined_selected_clearance_over_sqrt_d,paired_clearance_difference_over_sqrt_d,combined_selected_relation,combined_selected_on_boundary,mean_relation_edge_length_over_sqrt_d,relation_edges,uniform_propose_seconds,combined_propose_seconds
2,0,16,8,4,4,0.25,0.125,1.4155989586508362,0.5545140580922612,0.6831661604962377,0.15246969061807686,0.14225205389231876,-0.010217636725758077,0,0,0.10539253673238749,11,4.129999433644116e-05,0.00013589998707175255
2,1,16,8,4,4,0.25,0.25,1.3673319215102238,0.5721147918841725,0.7345850619303281,0.1877884331318125,0.1877884331318125,0.0,0,0,0.1101479912454255,10,8.479997632093728e-05,0.00015639999764971435
2,2,16,8,4,4,0.0,0.0,1.3805536681265915,0.3050002054366378,0.5586543465816121,0.15025115324530425,0.15025115324530425,0.0,0,0,0.12086469630146786,11,4.140002420172095e-05,0.00016160000814124942
2,3,16,8,4,4,0.0,0.0,1.4201974672398479,0.3669385817217958,0.21520079169276227,0.13319797175959955,0.11808851429127652,-0.015109457468323017,0,0,0.11253567954766915,12,6.050002411939204e-05,0.00013169998419471085
2,4,16,8,4,4,0.25,0.125,1.5884795791243018,0.4211614613938902,0.40684323845433096,0.11741006258675747,0.11741006258675747,0.0,0,0,0.12296204916512905,11,4.230000195093453e-05,0.00015360000543296337
2,5,16,8,4,4,0.5,0.25,1.6068960797636849,0.5084262328938851,0.45669295260526516,0.13152381039866007,0.13152381039866007,0.0,0,0,0.10719842942625347,10,7.199999527074397e-05,0.00013760000001639128
2,6,16,8,4,4,0.0,0.0,1.508296601131993,0.1936458384761709,0.5590350376425782,0.12113368781750587,0.11135189420297355,-0.00978179361453232,0,0,0.10752465847203005,11,4.119999357499182e-05,0.00015969999367371202
2,7,16,8,4,4,0.0,0.0,1.420841280272107,0.457547208759691,0.26133006889124144,0.12873668099144606,0.12873668099144606,0.0,0,0,0.10676862929229328,10,9.82999918051064e-05,0.00013460000627674162
2,8,16,8,4,4,0.25,0.125,1.609161854181783,0.8217109102185881,0.6240202053291042,0.21905220436396458,0.1988328117273652,-0.020219392636599366,0,0,0.10144231469955642,12,4.4899992644786835e-05,0.00019039999460801482
2,9,16,8,4,4,0.5,0.25,1.5958160362638305,0.5105155397537965,0.6912169208609283,0.14961754959706416,0.11710461107867362,-0.03251293851839054,1,1,0.12060631360086516,11,7.6299998909235e-05,0.00015659999917261302
2,10,16,8,4,4,0.5,0.25,1.4706034088585522,0.5284752910099454,0.6148065355877673,0.18417558536826428,0.18417558536826428,0.0,0,0,0.10435638370191518,11,4.290000651963055e-05,0.00015310000162571669
2,11,16,8,4,4,0.0,0.0,1.4789252967076205,0.7102771933307214,0.8742685687323862,0.23284073050394258,0.23284073050394258,0.0,0,0,0.07998500085506242,11,6.0399994254112244e-05,0.0001309000072069466
2,12,16,8,4,4,0.5,0.25,1.3376171999646465,0.5436630899175526,0.5454479327999132,0.1824143494768009,0.1780957112821721,-0.0043186381946288014,1,1,0.11113269035495217,12,3.989998367615044e-05,0.0001537000061944127
2,13,16,8,4,4,0.0,0.0,1.5670533545635497,0.5955144686886304,0.41439831935769716,0.16445558551179443,0.10541984245606677,-0.05903574305572765,0,0,0.08847772096452805,11,6.130000110715628e-05,0.00013349999790079892
2,14,16,8,4,4,0.25,0.125,1.280418819402358,0.41627617424124175,0.5565084342321792,0.16642664369979282,0.16642664369979282,0.0,0,0,0.10784157504019885,11,4.069998976774514e-05,0.00015199999324977398
2,15,16,8,4,4,0.25,0.125,1.519555748916749,0.6295424622282186,0.4827649615001329,0.251701523320881,0.11870415839140708,-0.13299736492947392,0,0,0.10620789738926535,12,6.0999998822808266e-05,0.00013500000932253897
2,16,16,8,4,4,0.25,0.125,1.4788458426638842,0.7180425588946471,0.505154343816734,0.24453036821333185,0.15931154614984158,-0.08521882206349025,0,0,0.09270444572777371,10,4.1399995097890496e-05,0.00016300001880154014
2,17,16,8,4,4,0.0,0.0,1.6097400893981413,0.3973614245296983,0.4035755206325496,0.11651914119660077,0.14673302594737458,0.030213884750773808,1,0,0.11089156943372563,9,6.44999963697046e-05,0.00013540001236833632
2,18,16,8,4,4,0.0,0.0,1.4539100454235316,0.4843154214640431,0.5602914179960514,0.21897895347318916,0.21897895347318916,0.0,0,0,0.10517816184641246,11,4.269997589290142e-05,0.00016220001270994544
2,19,16,8,4,4,0.25,0.125,1.465030426677945,0.7312211423010264,0.8490021850426351,0.21090427680127066,0.21090427680127066,0.0,0,0,0.12436948078126889,12,6.390002090483904e-05,0.0001370000245515257
5,0,16,50,25,25,0.6,0.16,0.8900818868835692,0.2893289334676177,0.3200232678691296,0.4007655162861205,0.3540738794001351,-0.04669163688598536,0,0,0.21987692088229532,11,5.0000002374872565e-05,0.00013840000610798597
5,1,16,50,25,25,0.52,0.136,0.9080883748507579,0.3676268522266774,0.3897310783794951,0.3311778780157463,0.31508075780481015,-0.016097120210936088,1,1,0.20328261889654617,13,8.120000711642206e-05,0.0001534000039100647
5,2,16,50,25,25,0.6,0.144,0.863670787113358,0.2604599037681891,0.2898554896713026,0.33647363266178326,0.3148200162830456,-0.021653616378737625,0,0,0.19503419185054055,11,5.569998756982386e-05,0.0001865000231191516
5,3,16,50,25,25,0.52,0.144,0.9498112281598545,0.2661637485442136,0.2370867754987423,0.30358120988260046,0.30358120988260046,0.0,0,0,0.23455567426726212,12,7.77999812271446e-05,0.00015669999993406236
5,4,16,50,25,25,0.6,0.192,0.8945056001163525,0.28145121288601693,0.30177068795753903,0.35556295015189643,0.35556295015189643,0.0,0,0,0.21225638634927588,12,5.7900004321709275e-05,0.00019630001042969525
5,5,16,50,25,25,0.56,0.136,0.8998598021232885,0.2943376669303341,0.30734208947551456,0.34525587419241793,0.2911561572315682,-0.054099716960849746,0,0,0.21110048425281294,12,8.220001473091543e-05,0.00016310001956298947
5,6,16,50,25,25,0.68,0.152,0.9259009855905522,0.2748566257507636,0.300353796380099,0.36180468415683353,0.3030145618171677,-0.058790122339665886,0,0,0.22725328543715004,12,6.100002792663872e-05,0.00017759998445399106
5,7,16,50,25,25,0.6,0.176,0.8988131223269101,0.2677714857045026,0.31913810775628965,0.3472959654206868,0.3472959654206868,0.0,0,0,0.23443631789544822,12,8.239998714998364e-05,0.00015089998487383127
5,8,16,50,25,25,0.76,0.16,0.9102624489977857,0.35285931242644775,0.29975181222647007,0.3818552508818128,0.3818552508818128,0.0,0,0,0.19487811339091327,9,5.600001895800233e-05,0.0001736000122036785
5,9,16,50,25,25,0.68,0.192,0.8260189943981956,0.27803970468626965,0.38545252889340004,0.41181913807057224,0.41181913807057224,0.0,0,0,0.17968472891872356,10,9.940000018104911e-05,0.00015380000695586205
5,10,16,50,25,25,0.6,0.152,0.9322362528625231,0.31086531724534505,0.32541378361183504,0.34824691992065404,0.34824691992065404,0.0,0,0,0.2313551463221985,11,5.780000356025994e-05,0.00030509999487549067
5,11,16,50,25,25,0.44,0.128,0.951439451672961,0.22343000787546768,0.2826413477967411,0.3003153963221519,0.27610151891852464,-0.024213877403627262,1,1,0.20704604666546308,11,8.249998791143298e-05,0.0002573999809101224
5,12,16,50,25,25,0.68,0.2,0.9314482793472653,0.2411418451718295,0.29618502377815403,0.36945520149897954,0.299812499838789,-0.06964270166019051,1,1,0.2625304759482388,12,5.6599994422867894e-05,0.00017740001203492284
5,13,16,50,25,25,0.8,0.208,0.9275473808026677,0.2626868862751399,0.2844654286347347,0.3157317519783681,0.3157317519783681,0.0,0,0,0.21208338523945616,10,7.879998884163797e-05,0.0001537000061944127
5,14,16,50,25,25,0.68,0.184,0.8829498898581118,0.22080487164927412,0.20374362385374767,0.2919345461243233,0.2821933380353082,-0.009741208089015048,0,0,0.2306214632857505,12,5.600001895800233e-05,0.00017889999435283244
5,15,16,50,25,25,0.72,0.216,0.8916192088866316,0.25561812419582586,0.3085855588907237,0.32655918321721894,0.32655918321721894,0.0,0,0,0.2198237783396067,13,7.749997894279659e-05,0.00015369997709058225
5,16,16,50,25,25,0.56,0.168,0.9346404627202719,0.29659020513007583,0.2898443497033114,0.32843608778398886,0.32843608778398886,0.0,0,0,0.24829922899588,11,5.77000027988106e-05,0.00017129999469034374
5,17,16,50,25,25,0.52,0.136,0.9151634265798632,0.29004244639007964,0.30888018124223476,0.3621278759624515,0.29432601550165716,-0.06780186046079437,0,0,0.2121654469564452,12,8.060000254772604e-05,0.00014899999951012433
5,18,16,50,25,25,0.44,0.112,0.9454210782620891,0.29263241612471536,0.2823071280705815,0.3296161858797103,0.3296161858797103,0.0,0,0,0.21094118492298625,11,5.520001286640763e-05,0.00017929999739862978
5,19,16,50,25,25,0.6,0.184,0.8808199022458162,0.32903177718051263,0.39730466313971935,0.37196649788310415,0.37196649788310415,0.0,0,0,0.20952134585643603,12,7.77999812271446e-05,0.00015619999612681568
10,0,16,200,100,100,0.9,0.21,0.6416263866678577,0.1701970888498479,0.18932216321341871,0.36965183548542035,0.36965183548542035,0.0,0,0,0.27991717216532386,13,0.00011399999493733048,0.00025729998014867306
10,1,16,200,100,100,0.97,0.242,0.6208815192705697,0.1883652128294579,0.19939466511535645,0.4037476290869288,0.4037476290869288,0.0,0,0,0.27267637939004924,10,0.0001343000039923936,0.0002334000018890947
10,2,16,200,100,100,0.95,0.22,0.6403174143566271,0.1755493504522399,0.18591020946450745,0.401712053788418,0.401712053788418,0.0,0,0,0.2911756173501267,13,0.00011249998351559043,0.00024510000366717577
10,3,16,200,100,100,0.92,0.235,0.6080217471342475,0.18026510300006748,0.18265348054083227,0.40608812837114,0.3940018290893844,-0.012086299281755595,0,0,0.2871530981350042,12,0.0001328999933321029,0.00022560000070370734
10,4,16,200,100,100,0.93,0.196,0.6311513689994702,0.17506919515555064,0.17397701596991372,0.3821649360378779,0.3742306937631413,-0.007934242274736589,0,0,0.2880899618599031,12,0.00011439999798312783,0.00024729999131523073
10,5,16,200,100,100,0.97,0.236,0.6228114817999675,0.16436310762330197,0.19786843339358706,0.41156305596543097,0.3749262351916268,-0.03663682077380418,0,0,0.2844878200210088,12,0.00013349999790079892,0.00022539999918080866
10,6,16,200,100,100,0.94,0.213,0.6180160233579465,0.17375113520379631,0.19558037211479698,0.40408140344905963,0.36529875647320764,-0.038782646975851966,0,0,0.27151982977479966,11,0.0001993000041693449,0.00028780000866390765
10,7,16,200,100,100,0.93,0.238,0.6221955431964693,0.18106912339409478,0.204620860406312,0.39527274853642635,0.38812477276993024,-0.007147975766496137,0,0,0.29497202556711516,12,0.00017880002269521356,0.00024209998082369566
10,8,16,200,100,100,0.89,0.197,0.6432495030542398,0.1782127897419491,0.20456483849198898,0.39522720553830937,0.39522720553830937,0.0,0,0,0.26395799866161274,12,0.00011379999341443181,0.0002447000006213784
10,9,16,200,100,100,0.89,0.189,0.6208781416649788,0.15420234669054136,0.16138252959930474,0.3619808923347234,0.3435334074294549,-0.01844748490526855,0,0,0.2672319936644026,11,0.0001340000017080456,0.0002209000231232494
10,10,16,200,100,100,0.92,0.223,0.6238677291529263,0.18062951828703447,0.1886607575144234,0.43476065805223335,0.36414653597014235,-0.07061412208209097,0,0,0.27343421531045986,13,0.00011959997937083244,0.00027829999453388155
10,11,16,200,100,100,0.75,0.125,0.6536864378867443,0.1754251858209273,0.19246533364441007,0.37194161277131155,0.37194161277131155,0.0,0,0,0.24476030619515468,14,0.00013920001219958067,0.00025019998429343104
10,12,16,200,100,100,0.95,0.232,0.6408865949377719,0.17827167010144804,0.18677946997432307,0.3649849649368805,0.3601815429339988,-0.004803422002881688,0,0,0.2864705106664764,13,0.00011929997708648443,0.0002536999818403274
10,13,16,200,100,100,0.96,0.226,0.5992035116562582,0.1759761030743845,0.21404079880351315,0.4000555902263535,0.38826524236950954,-0.011790347856843977,0,0,0.2718211132034974,12,0.0001399999891873449,0.00022449999232776463
10,14,16,200,100,100,0.88,0.222,0.6283819912908378,0.17750158229437327,0.21355729305171287,0.4150854013196353,0.3942506647576959,-0.020834736561939404,0,0,0.2843476592110254,12,0.00011739999172277749,0.0002654999843798578
10,15,16,200,100,100,0.96,0.232,0.6025347314790824,0.17487379779495665,0.21034622774064957,0.3889225877799057,0.3889225877799057,0.0,0,0,0.27894297725731926,10,0.0001391999830957502,0.00023430000874213874
10,16,16,200,100,100,0.95,0.244,0.6406871089742516,0.15897974023997094,0.17752310679286895,0.3942273445342538,0.37951980569233457,-0.014707538841919212,0,0,0.2999508330132857,13,0.00012740000966005027,0.0002832000027410686
10,17,16,200,100,100,0.93,0.231,0.6260143071974791,0.18298587908070243,0.2254830051731296,0.3889356158221009,0.38599869675356363,-0.002936919068537247,0,0,0.27104486325206606,11,0.0001399999891873449,0.0002342000079806894
10,18,16,200,100,100,0.78,0.176,0.6726028114480792,0.16757953923931657,0.22347446010601069,0.38053798977998404,0.38053798977998404,0.0,0,0,0.2496841460652979,13,0.0001188000023830682,0.0002510999911464751
10,19,16,200,100,100,0.86,0.191,0.6378124955306688,0.15400113019680622,0.19060226102875097,0.3837381033520624,0.3444871917840096,-0.03925091156805277,0,0,0.27350268418188584,13,0.00013630001922138035,0.000225499999942258
20,0,16,800,400,400,1.0,0.27825,0.41613209371708154,0.10361309337094235,0.1508715157537211,0.42033958898334617,0.42033958898334617,0.0,0,0,0.3334101890181927,13,0.001208499976200983,0.0014368000265676528
20,1,16,800,400,400,1.0,0.261125,0.4222462168351033,0.10353314041896497,0.12981205785463018,0.3926692260846504,0.38610168140302104,-0.006567544681629358,0,0,0.33592840812263125,13,0.0012759999954141676,0.0014591999934054911
20,2,16,800,400,400,0.995,0.226875,0.42887540167773236,0.10882937758002267,0.17675182787878552,0.41321249782978814,0.41321249782978814,0.0,0,0,0.3055218967899944,12,0.001257600000826642,0.0014326000236906111
20,3,16,800,400,400,1.0,0.245625,0.4527872008014811,0.11430152283073076,0.15529641963634488,0.41899735252654274,0.41899735252654274,0.0,0,0,0.3139872185397563,12,0.0013082000077702105,0.0014810000138822943
20,4,16,800,400,400,0.9975,0.27025,0.431287934103202,0.11123685742309179,0.1542215783812269,0.40019890663485586,0.39955190262642337,-0.0006470040084324773,0,0,0.3206188906006588,12,0.0012583000061567873,0.0014307000092230737
20,5,16,800,400,400,0.9975,0.20925,0.4515042919289616,0.10967397942190889,0.1515736503062483,0.3869142804033257,0.3775390101874996,-0.009375270215826176,0,0,0.2930223010620972,13,0.001277399976970628,0.0018326000135857612
20,6,16,800,400,400,0.995,0.257,0.4484669037019026,0.10684831765749868,0.1446632458938998,0.4170788577900515,0.40341215485644755,-0.013666702933603947,0,0,0.32858262913676567,13,0.0012325000134296715,0.0014330999983940274
20,7,16,800,400,400,1.0,0.244875,0.4270442326330938,0.1105205233244785,0.14500170853734637,0.4097120647294711,0.4097120647294711,0.0,0,0,0.31723695326581275,11,0.0012938999861944467,0.0014263000048231333
20,8,16,800,400,400,1.0,0.264,0.4665077020255822,0.10761284912050476,0.13251389578350226,0.39626788678574665,0.3888679090580876,-0.007399977727659023,0,0,0.3395374802476985,12,0.0012446999899111688,0.0014782999933231622
20,9,16,800,400,400,0.9975,0.2435,0.4345725773251139,0.10262185065546577,0.13707086537398197,0.3991543263388128,0.39359095877676875,-0.005563367562044072,0,0,0.3199643615739436,13,0.00136599998222664,0.0014053000195417553
20,10,16,800,400,400,0.9975,0.24075,0.4330793086388545,0.11096498220837388,0.15997353936491693,0.428359860999585,0.428359860999585,0.0,0,0,0.31175582628244913,10,0.0012627999822143465,0.0014762000064365566
20,11,16,800,400,400,1.0,0.24625,0.4421787690916725,0.11059478011890773,0.17560697303337694,0.4181943753109462,0.4181943753109462,0.0,0,0,0.31080656371409243,12,0.001289300009375438,0.0015205999952740967
20,12,16,800,400,400,0.9975,0.266625,0.441209013919112,0.10040875912201934,0.13486720209554237,0.40544303044924584,0.3954431052225974,-0.009999925226648441,0,0,0.32743348397541977,11,0.001273300003958866,0.0014796000032220036
20,13,16,800,400,400,0.9975,0.24725,0.42802849463020104,0.10792805234489142,0.1603127199463109,0.40237291621399257,0.3992323205816535,-0.003140595632339075,0,0,0.31404886897194806,13,0.0012894000101368874,0.0013991000014357269
20,14,16,800,400,400,0.9975,0.242,0.4338504584337076,0.10818391807954807,0.15371267539267214,0.410094373886977,0.410094373886977,0.0,0,0,0.31219151920992766,11,0.0012340999965090305,0.004612499993527308
20,15,16,800,400,400,1.0,0.270125,0.42428725043967286,0.10522397914743313,0.1477982732659976,0.4161094837334158,0.4038329905701112,-0.012276493163304604,0,0,0.32760696398010375,12,0.0013142999960109591,0.0015583000204060227
20,16,16,800,400,400,1.0,0.266375,0.4277836487631012,0.10170226788119076,0.1504824451897881,0.41361151555069475,0.4109166540108347,-0.002694861539859993,0,0,0.32701802872844205,11,0.0013116000045556575,0.0018945999909192324
20,17,16,800,400,400,0.995,0.245375,0.4314416806556187,0.10564710968438705,0.14729238530704936,0.4033741677886818,0.4033741677886818,0.0,0,0,0.32061399420465986,12,0.0013466000091284513,0.0016047999961301684
20,18,16,800,400,400,0.995,0.22975,0.43347779987587887,0.11138348914009132,0.14454085491615046,0.4022667709135512,0.4022667709135512,0.0,0,0,0.3234966194825208,13,0.001281000004382804,0.0015477999986615032
20,19,16,800,400,400,1.0,0.27525,0.44236468847934973,0.1065710777886093,0.15104173068195104,0.39959174753345134,0.38404237232905536,-0.015549375204395963,0,0,0.33054049228089877,11,0.001289099978748709,0.0018900000141002238
50,0,16,5000,2500,2500,1.0,0.277744,0.2701118628554612,0.05934864430428962,0.13001370151669084,0.4159908890353502,0.41254077497573227,-0.003450114059617952,0,0,0.35435709901902407,13,0.021726899984059855,0.02844520000508055
50,1,16,5000,2500,2500,1.0,0.259712,0.27619299706268186,0.06289724758720386,0.1440057111949617,0.41360518406843505,0.4110967954262888,-0.0025083886421462774,0,0,0.33677378257503165,12,0.02035720000276342,0.025837099994532764
50,2,16,5000,2500,2500,1.0,0.268816,0.26930890786191203,0.0617245312889079,0.1319857790687346,0.4123259995202635,0.4079040060631116,-0.004421993457151879,0,0,0.3464176093046968,12,0.01952609998988919,0.021773300017230213
50,3,16,5000,2500,2500,1.0,0.28004,0.26865174790593294,0.06195942662937812,0.13433190045004048,0.4245080767086067,0.42212592493280804,-0.0023821517757986136,0,0,0.3517436049030467,12,0.019559100008336827,0.020931300008669496
50,4,16,5000,2500,2500,1.0,0.266208,0.27801201294727046,0.060868648099121,0.13524519132551358,0.40966624359394166,0.40966624359394166,0.0,0,0,0.3436786936048693,11,0.0180549000215251,0.020447200018679723
50,5,16,5000,2500,2500,1.0,0.281768,0.2691918267867109,0.0622417211071665,0.12951367993129148,0.4200444017750947,0.4200444017750947,0.0,0,0,0.3571694350718129,13,0.0172786999901291,0.019821199995931238
50,6,16,5000,2500,2500,1.0,0.272576,0.2676978719437621,0.06125470478755713,0.13308843098712683,0.423499446442996,0.4123072691408043,-0.011192177302191663,0,0,0.3473767492431353,11,0.016547300008824095,0.017873500008136034
50,7,16,5000,2500,2500,1.0,0.27136,0.2798164475027337,0.061951857810412826,0.13203139239849854,0.41932108619806335,0.4122659381079557,-0.00705514809010766,0,0,0.348736250648318,12,0.017905499989865348,0.021655699994880706
50,8,16,5000,2500,2500,1.0,0.285912,0.27579875792246933,0.05845816960228301,0.12634879174955554,0.42183955885309965,0.408290081133176,-0.013549477719923647,0,0,0.3622949784627502,13,0.021183599979849532,0.025230599974747747
50,9,16,5000,2500,2500,1.0,0.278496,0.2768174514445345,0.06146604429494247,0.13335148134759203,0.4149697730169957,0.4149697730169957,0.0,0,0,0.3537903914637899,12,0.021263300004648045,0.020630800019716844
50,10,16,5000,2500,2500,1.0,0.27092,0.26379980361501276,0.05990926558564105,0.14746280441396703,0.4229932437868755,0.4229932437868755,0.0,0,0,0.3409631323168151,13,0.018172299984144047,0.019781300012255087
50,11,16,5000,2500,2500,1.0,0.289224,0.27869440081832847,0.06154891402977505,0.12639218018121345,0.42750374381073786,0.41390031483645884,-0.01360342897427906,0,0,0.3627877248965187,14,0.018665900017367676,0.018964200018672273
50,12,16,5000,2500,2500,1.0,0.276344,0.27569339543418336,0.059021840030132645,0.12425489228894694,0.41830403664470456,0.4128531507954008,-0.0054508858493037635,0,0,0.3549461018766682,13,0.018595100002130494,0.0212253000063356
50,13,16,5000,2500,2500,1.0,0.26116,0.2772658685712185,0.06283581676383053,0.13894506037538498,0.4199884792292881,0.4199884792292881,0.0,0,0,0.3377741579431348,12,0.018146399990655482,0.018827799998689443
50,14,16,5000,2500,2500,1.0,0.29448,0.2616355099323074,0.05997670844545232,0.13475122900492081,0.424665696099743,0.424665696099743,0.0,0,0,0.36124709849063075,10,0.017420300020603463,0.023447299987310544
50,15,16,5000,2500,2500,1.0,0.25896,0.2891967001853614,0.06276331651378945,0.12744859450743534,0.4060400656735474,0.4060400656735474,0.0,0,0,0.34238339870165707,14,0.020674599974881858,0.01904729998204857
50,16,16,5000,2500,2500,1.0,0.279544,0.26128725560829524,0.061241594695127764,0.13719340673071917,0.41814207038021356,0.41476027803089577,-0.003381792349317769,0,0,0.3509667254186403,13,0.01837330000125803,0.02285810001194477
50,17,16,5000,2500,2500,1.0,0.274992,0.27268507678345216,0.06047276535570145,0.1310132823943997,0.42300676723139263,0.40876403463258043,-0.014242732598812233,0,0,0.35068172937864817,11,0.021752599976025522,0.023805400007404387
50,18,16,5000,2500,2500,1.0,0.26948,0.27754756902650196,0.06418314809483962,0.13768588125801717,0.4187582215816716,0.41836017143101445,-0.00039805015065714106,0,0,0.34518782003418746,11,0.023416299984091893,0.024263300001621246
50,19,16,5000,2500,2500,1.0,0.294808,0.27147251439758835,0.061410590065048294,0.1265695578261172,0.43246262122347306,0.42380928028470993,-0.00865334093876309,0,0,0.3652373990896666,11,0.018591700005345047,0.022296000010101125
100,0,16,20000,10000,10000,1.0,0.296928,0.19230505376265555,0.04046131561752495,0.13368517258571566,0.4214056399205478,0.4214056399205478,0.0,0,0,0.3712631555633591,12,0.20478000000002794,0.2724650999880396
100,1,16,20000,10000,10000,1.0,0.289027,0.19715377958412408,0.04192437006621068,0.13021947618916777,0.42382677104997724,0.4188712309482077,-0.004955540101769529,0,0,0.36804316993540087,13,0.17044660000829026,0.20064009999623522
100,2,16,20000,10000,10000,1.0,0.29949,0.19675334936534636,0.04078424808905679,0.1255892263084869,0.4194311148211325,0.41615860964574763,-0.003272505175384843,0,0,0.37436249675517297,12,0.16447909999988042,0.1604724999924656
100,3,16,20000,10000,10000,1.0,0.287007,0.20403187201386017,0.04244933305248809,0.1213952681132433,0.4188449990312604,0.4188449990312604,0.0,0,0,0.37075946294025364,14,0.159905999986222,0.18261129999882542
100,4,16,20000,10000,10000,1.0,0.303762,0.19117442188867936,0.03967875964760436,0.12525122728949287,0.428398854584648,0.428398854584648,0.0,0,0,0.38005312428809046,12,0.16459470000700094,0.18035130001953803
100,5,16,20000,10000,10000,1.0,0.290474,0.19790466095813408,0.041202642075201974,0.13122404055581607,0.42302174843123475,0.42034131799570407,-0.0026804304355306564,0,0,0.36624647521767517,12,0.16065779997734353,0.17895319999661297
100,6,16,20000,10000,10000,1.0,0.287349,0.1909979625669385,0.04155471063028806,0.1275903595428566,0.4204606959591538,0.41438972560567444,-0.0060709703534793215,0,0,0.3662809137670052,12,0.1633066000067629,0.18264429998816922
100,7,16,20000,10000,10000,1.0,0.292182,0.19936231750920755,0.04141946864757062,0.1251961751728191,0.4225210829147648,0.4225210829147648,0.0,0,0,0.37038652063478855,11,0.16294519999064505,0.18792759999632835
100,8,16,20000,10000,10000,1.0,0.295584,0.18462810813404867,0.04041385133362397,0.1322681167077853,0.4183877819270407,0.41517007853072085,-0.0032177033963198378,0,0,0.37018621944115376,13,0.16984239997691475,0.1758718999917619
100,9,16,20000,10000,10000,1.0,0.290316,0.2057894460347794,0.04166318195765673,0.1259722192136758,0.41894842646266983,0.41894842646266983,0.0,0,0,0.37003619198747634,12,0.1581327999883797,0.1837433000036981
100,10,16,20000,10000,10000,1.0,0.287399,0.18879361662667976,0.04081825208564489,0.13268053621366144,0.4172073957416769,0.4172073957416769,0.0,0,0,0.364572828183968,12,0.15658759998041205,0.18286309999530204
100,11,16,20000,10000,10000,1.0,0.301187,0.1900442250236654,0.04071863498754608,0.12913956643992844,0.42490900001284065,0.42409237498496133,-0.0008166250278793363,0,0,0.37745066686894424,13,0.15649009999469854,0.18648959998972714
100,12,16,20000,10000,10000,1.0,0.303216,0.18449702988339442,0.0399384721631982,0.12687246836920077,0.4183697250708224,0.4163920147693142,-0.001977710301508129,0,0,0.37892487355687904,13,0.1624879000009969,0.18256650000694208
100,13,16,20000,10000,10000,1.0,0.289027,0.19417460138373904,0.041137356556526165,0.12718932135405425,0.41712904464058775,0.41712904464058775,0.0,0,0,0.36925801183564855,14,0.16005479998420924,0.16914189999806695
100,14,16,20000,10000,10000,1.0,0.293884,0.18948546692244994,0.04098909393887173,0.12690340067667366,0.41870025256478643,0.41870025256478643,0.0,0,0,0.37374069231322266,15,0.15847689998918213,0.1717371000268031
100,15,16,20000,10000,10000,1.0,0.29329,0.19370981403938925,0.04113301128275983,0.13007441742810386,0.42971166150090123,0.4214412424226238,-0.008270419078277413,0,0,0.3700914718766673,11,0.15455379997729324,0.18658160002087243
100,16,16,20000,10000,10000,1.0,0.295572,0.19279765898548623,0.04059490494739603,0.12693854369479984,0.41657250470302376,0.41657250470302376,0.0,0,0,0.37157093450707507,10,0.13800989999435842,0.170123899995815
100,17,16,20000,10000,10000,1.0,0.298213,0.1900693933268331,0.040576564461221494,0.12530096186887263,0.4245948588876125,0.41731673212263987,-0.007278126764972637,0,0,0.37556368247408284,13,0.13350729999365285,0.1493244000012055
100,18,16,20000,10000,10000,1.0,0.292453,0.20244785976062254,0.041363990660095454,0.1295291576712629,0.4225009420739296,0.4225009420739296,0.0,0,0,0.369634370356115,13,0.13825280001037754,0.14947720000054687
100,19,16,20000,10000,10000,1.0,0.269515,0.1917640125972356,0.041900209819126004,0.1336529800189792,0.41320980733944135,0.41320980733944135,0.0,0,0,0.3519427491138948,11,0.13606079999590293,0.1535923999908846
